position,project,history_url,source_rank,ranking_key,rank_metric,history_page_regex,package_page_regex,project_query_regex,history_query_regex
1,OpenSSL,https://pkg.so/openssl/history/,1,brew:openssl@3,Homebrew installs_per_365_days,^https://pkg\.so/openssl/history/$,^(?:https://pkg\.so/brew/openssl\-3\-0/|https://pkg\.so/brew/openssl\-3\-5/|https://pkg\.so/brew/openssl\-3/|https://pkg\.so/brew/openssl\-4/)$,(?i)(?:^|[\s])(?:openssl)(?:$|[\s]),(?i)(?:(?:openssl).*(?:history|origins?|timeline|created|creator|invented|began)|(?:history|origins?|timeline|created|creator|invented|began).*(?:openssl))
2,semver,https://pkg.so/semver/history/,1,npm:semver,npm downloads_per_30_days,^https://pkg\.so/semver/history/$,^(?:https://pkg\.so/brew/semver/)$,(?i)(?:^|[\s])(?:semver|node.semver)(?:$|[\s]),(?i)(?:(?:semver|node.semver).*(?:history|origins?|timeline|created|creator|invented|began)|(?:history|origins?|timeline|created|creator|invented|began).*(?:semver|node.semver))
3,Codex,https://pkg.so/codex/history/,2,cask:codex,Homebrew installs_per_365_days,^https://pkg\.so/codex/history/$,^(?:https://pkg\.so/cask/codex/)$,(?i)(?:^|[\s])(?:codex|codex)(?:$|[\s]),(?i)(?:(?:codex|codex).*(?:history|origins?|timeline|created|creator|invented|began)|(?:history|origins?|timeline|created|creator|invented|began).*(?:codex|codex))
4,SQLite,https://pkg.so/sqlite/history/,3,brew:sqlite,Homebrew installs_per_365_days,^https://pkg\.so/sqlite/history/$,^(?:https://pkg\.so/brew/lemon/|https://pkg\.so/brew/sqldiff/|https://pkg\.so/brew/sqlite\-analyzer/|https://pkg\.so/brew/sqlite\-rsync/|https://pkg\.so/brew/sqlite/)$,(?i)(?:^|[\s])(?:sqlite|sqlite)(?:$|[\s]),(?i)(?:(?:sqlite|sqlite).*(?:history|origins?|timeline|created|creator|invented|began)|(?:history|origins?|timeline|created|creator|invented|began).*(?:sqlite|sqlite))
5,XZ Utils,https://pkg.so/xz/history/,4,brew:xz,Homebrew installs_per_365_days,^https://pkg\.so/xz/history/$,^(?:https://pkg\.so/brew/xz/)$,(?i)(?:^|[\s])(?:xz\ utils|xz)(?:$|[\s]),(?i)(?:(?:xz\ utils|xz).*(?:history|origins?|timeline|created|creator|invented|began)|(?:history|origins?|timeline|created|creator|invented|began).*(?:xz\ utils|xz))
6,Python,https://pkg.so/python/history/,5,brew:python@3.14,Homebrew installs_per_365_days,^https://pkg\.so/python/history/$,^(?:https://pkg\.so/brew/python\-3\-10/|https://pkg\.so/brew/python\-3\-11/|https://pkg\.so/brew/python\-3\-12/|https://pkg\.so/brew/python\-3\-13/|https://pkg\.so/brew/python\-3\-14/|https://pkg\.so/brew/python\-3\-9/|https://pkg\.so/brew/python\-freethreading/)$,(?i)(?:^|[\s])(?:python|cpython)(?:$|[\s]),(?i)(?:(?:python|cpython).*(?:history|origins?|timeline|created|creator|invented|began)|(?:history|origins?|timeline|created|creator|invented|began).*(?:python|cpython))
7,esbuild,https://pkg.so/esbuild/history/,5,npm:esbuild,npm downloads_per_30_days,^https://pkg\.so/esbuild/history/$,^(?:https://pkg\.so/brew/esbuild/)$,(?i)(?:^|[\s])(?:esbuild|esbuild)(?:$|[\s]),(?i)(?:(?:esbuild|esbuild).*(?:history|origins?|timeline|created|creator|invented|began)|(?:history|origins?|timeline|created|creator|invented|began).*(?:esbuild|esbuild))
8,Android SDK Platform-Tools,https://pkg.so/android-platform-tools/history/,6,cask:android-platform-tools,Homebrew installs_per_365_days,^https://pkg\.so/android\-platform\-tools/history/$,^(?:https://pkg\.so/cask/android\-platform\-tools/)$,(?i)(?:^|[\s])(?:android.*platform.tools|adb|fastboot)(?:$|[\s]),(?i)(?:(?:android.*platform.tools|adb|fastboot).*(?:history|origins?|timeline|created|creator|invented|began)|(?:history|origins?|timeline|created|creator|invented|began).*(?:android.*platform.tools|adb|fastboot))
9,Node.js,https://pkg.so/node/history/,6,brew:node,Homebrew installs_per_365_days,^https://pkg\.so/node/history/$,^(?:https://pkg\.so/brew/node/)$,(?i)(?:^|[\s])(?:node\.js|nodejs|node)(?:$|[\s]),(?i)(?:(?:node\.js|nodejs|node).*(?:history|origins?|timeline|created|creator|invented|began)|(?:history|origins?|timeline|created|creator|invented|began).*(?:node\.js|nodejs|node))
10,TypeScript,https://pkg.so/typescript/history/,6,npm:typescript,npm downloads_per_30_days,^https://pkg\.so/typescript/history/$,^(?:https://pkg\.so/brew/typescript/)$,(?i)(?:^|[\s])(?:typescript|typescript)(?:$|[\s]),(?i)(?:(?:typescript|typescript).*(?:history|origins?|timeline|created|creator|invented|began)|(?:history|origins?|timeline|created|creator|invented|began).*(?:typescript|typescript))
11,GitHub CLI,https://pkg.so/gh/history/,7,brew:gh,Homebrew installs_per_365_days,^https://pkg\.so/gh/history/$,^(?:https://pkg\.so/brew/gh/)$,(?i)(?:^|[\s])(?:github cli|gh)(?:$|[\s]),(?i)(?:(?:github cli|gh).*(?:history|origins?|timeline|created|creator|invented|began)|(?:history|origins?|timeline|created|creator|invented|began).*(?:github cli|gh))
12,Zstandard,https://pkg.so/zstd/history/,8,brew:zstd,Homebrew installs_per_365_days,^https://pkg\.so/zstd/history/$,^(?:https://pkg\.so/brew/zstd/)$,(?i)(?:^|[\s])(?:zstandard|zstd)(?:$|[\s]),(?i)(?:(?:zstandard|zstd).*(?:history|origins?|timeline|created|creator|invented|began)|(?:history|origins?|timeline|created|creator|invented|began).*(?:zstandard|zstd))
13,GLib,https://pkg.so/glib/history/,10,brew:glib,Homebrew installs_per_365_days,^https://pkg\.so/glib/history/$,^(?:https://pkg\.so/brew/glib/)$,(?i)(?:^|[\s])(?:glib|glib)(?:$|[\s]),(?i)(?:(?:glib|glib).*(?:history|origins?|timeline|created|creator|invented|began)|(?:history|origins?|timeline|created|creator|invented|began).*(?:glib|glib))
14,JSON5,https://pkg.so/json5/history/,10,npm:json5,npm downloads_per_30_days,^https://pkg\.so/json5/history/$,^(?:https://pkg\.so/brew/json5/)$,(?i)(?:^|[\s])(?:json5|json5)(?:$|[\s]),(?i)(?:(?:json5|json5).*(?:history|origins?|timeline|created|creator|invented|began)|(?:history|origins?|timeline|created|creator|invented|began).*(?:json5|json5))
15,PCRE2,https://pkg.so/pcre2/history/,11,brew:pcre2,Homebrew installs_per_365_days,^https://pkg\.so/pcre2/history/$,^(?:https://pkg\.so/brew/pcre2/)$,(?i)(?:^|[\s])(?:pcre2|pcre2)(?:$|[\s]),(?i)(?:(?:pcre2|pcre2).*(?:history|origins?|timeline|created|creator|invented|began)|(?:history|origins?|timeline|created|creator|invented|began).*(?:pcre2|pcre2))
16,AWS CLI,https://pkg.so/awscli/history/,12,brew:awscli,Homebrew installs_per_365_days,^https://pkg\.so/awscli/history/$,^(?:https://pkg\.so/brew/awscli\-1/|https://pkg\.so/brew/awscli/)$,(?i)(?:^|[\s])(?:aws cli|awscli)(?:$|[\s]),(?i)(?:(?:aws cli|awscli).*(?:history|origins?|timeline|created|creator|invented|began)|(?:history|origins?|timeline|created|creator|invented|began).*(?:aws cli|awscli))
17,ICU,https://pkg.so/icu/history/,13,brew:icu4c@78,Homebrew installs_per_365_days,^https://pkg\.so/icu/history/$,,(?i)(?:^|[\s])(?:icu|icu4c)(?:$|[\s]),(?i)(?:(?:icu|icu4c).*(?:history|origins?|timeline|created|creator|invented|began)|(?:history|origins?|timeline|created|creator|invented|began).*(?:icu|icu4c))
18,LZ4,https://pkg.so/lz4/history/,14,brew:lz4,Homebrew installs_per_365_days,^https://pkg\.so/lz4/history/$,^(?:https://pkg\.so/brew/lz4/)$,(?i)(?:^|[\s])(?:lz4|lz4)(?:$|[\s]),(?i)(?:(?:lz4|lz4).*(?:history|origins?|timeline|created|creator|invented|began)|(?:history|origins?|timeline|created|creator|invented|began).*(?:lz4|lz4))
19,Vite,https://pkg.so/vite/history/,14,npm:vite,npm downloads_per_30_days,^https://pkg\.so/vite/history/$,^(?:https://pkg\.so/brew/vite/)$,(?i)(?:^|[\s])(?:vite|vite)(?:$|[\s]),(?i)(?:(?:vite|vite).*(?:history|origins?|timeline|created|creator|invented|began)|(?:history|origins?|timeline|created|creator|invented|began).*(?:vite|vite))
20,HarfBuzz,https://pkg.so/harfbuzz/history/,15,brew:harfbuzz,Homebrew installs_per_365_days,^https://pkg\.so/harfbuzz/history/$,^(?:https://pkg\.so/brew/harfbuzz/)$,(?i)(?:^|[\s])(?:harfbuzz|harfbuzz)(?:$|[\s]),(?i)(?:(?:harfbuzz|harfbuzz).*(?:history|origins?|timeline|created|creator|invented|began)|(?:history|origins?|timeline|created|creator|invented|began).*(?:harfbuzz|harfbuzz))
21,FFmpeg,https://pkg.so/ffmpeg/history/,16,brew:ffmpeg,Homebrew installs_per_365_days,^https://pkg\.so/ffmpeg/history/$,^(?:https://pkg\.so/brew/ffmpeg\-full/|https://pkg\.so/brew/ffmpeg/)$,(?i)(?:^|[\s])(?:ffmpeg|ffmpeg)(?:$|[\s]),(?i)(?:(?:ffmpeg|ffmpeg).*(?:history|origins?|timeline|created|creator|invented|began)|(?:history|origins?|timeline|created|creator|invented|began).*(?:ffmpeg|ffmpeg))
22,uv,https://pkg.so/uv/history/,17,brew:uv,Homebrew installs_per_365_days,^https://pkg\.so/uv/history/$,^(?:https://pkg\.so/brew/uv/)$,(?i)(?:^|[\s])(?:uv|uv)(?:$|[\s]),(?i)(?:(?:uv|uv).*(?:history|origins?|timeline|created|creator|invented|began)|(?:history|origins?|timeline|created|creator|invented|began).*(?:uv|uv))
23,pkgconf,https://pkg.so/pkgconf/history/,19,brew:pkgconf,Homebrew installs_per_365_days,^https://pkg\.so/pkgconf/history/$,^(?:https://pkg\.so/brew/pkgconf/)$,(?i)(?:^|[\s])(?:pkgconf|pkgconf)(?:$|[\s]),(?i)(?:(?:pkgconf|pkgconf).*(?:history|origins?|timeline|created|creator|invented|began)|(?:history|origins?|timeline|created|creator|invented|began).*(?:pkgconf|pkgconf))
24,ESLint,https://pkg.so/eslint/history/,19,npm:eslint,npm downloads_per_30_days,^https://pkg\.so/eslint/history/$,^(?:https://pkg\.so/brew/eslint/)$,(?i)(?:^|[\s])(?:eslint|eslint)(?:$|[\s]),(?i)(?:(?:eslint|eslint).*(?:history|origins?|timeline|created|creator|invented|began)|(?:history|origins?|timeline|created|creator|invented|began).*(?:eslint|eslint))
25,gettext,https://pkg.so/gettext/history/,20,brew:gettext,Homebrew installs_per_365_days,^https://pkg\.so/gettext/history/$,^(?:https://pkg\.so/brew/gettext/)$,(?i)(?:^|[\s])(?:gnu gettext|gettext)(?:$|[\s]),(?i)(?:(?:gnu gettext|gettext).*(?:history|origins?|timeline|created|creator|invented|began)|(?:history|origins?|timeline|created|creator|invented|began).*(?:gnu gettext|gettext))
